Sensor,Midnight,1am,2am,3am,4am,5am,6am,7am,8am,9am,10am,11am,Noon,1pm,2pm,3pm,4pm,5pm,6pm,7pm,8pm,9pm,10pm,11pm
Bourke Street Mall (North),16,13,3,2,11,9,50,72,124,117,154,162,242,273,256,241,204,278,186,118,91,39,52,32
Bourke Street Mall (South),4,10,3,34,1,8,28,51,61,90,92,102,157,146,161,137,140,115,109,60,36,17,19,11
Melbourne Central,33,36,7,9,9,18,44,55,91,93,130,160,134,164,164,154,177,252,189,172,171,105,104,69
Town Hall (West),35,15,5,8,15,28,77,158,205,244,249,332,426,444,397,399,403,445,331,253,148,97,71,34
Princes Bridge,25,22,10,27,44,70,130,171,221,157,207,210,248,284,247,317,318,416,292,237,124,92,69,68
Flinders Street Station Underpass,24,8,2,7,11,81,232,240,252,221,211,197,251,244,284,347,356,429,337,265,136,120,128,65
Birrarung Marr,1,N/A,N/A,N/A,4,8,31,78,62,47,57,60,56,57,62,72,90,111,94,31,16,20,3,10
Webb Bridge,1,N/A,3,2,N/A,6,23,123,126,84,118,119,165,122,107,137,184,279,155,65,26,19,23,7
Southern Cross Station,7,6,2,3,2,34,66,93,161,71,60,67,108,90,93,92,133,152,67,52,36,18,39,12
Victoria Point,N/A,N/A,2,1,N/A,3,13,33,65,50,37,34,47,45,55,40,50,68,63,62,38,32,13,10
Waterfront City,4,N/A,4,N/A,4,4,8,26,27,21,43,37,42,45,43,38,66,87,79,30,25,25,20,16
New Quay,12,7,5,5,11,12,28,96,89,93,116,96,143,160,146,153,184,272,255,162,107,100,73,40
Flagstaff Station,N/A,N/A,N/A,N/A,N/A,N/A,N/A,N/A,N/A,N/A,N/A,N/A,N/A,N/A,N/A,N/A,N/A,N/A,N/A,N/A,N/A,N/A,N/A,N/A
Sandridge Bridge,4,2,3,N/A,4,28,79,110,119,95,66,68,77,89,93,118,118,169,135,92,42,44,20,24
State Library,N/A,N/A,N/A,N/A,N/A,N/A,N/A,N/A,N/A,N/A,N/A,N/A,N/A,N/A,N/A,N/A,N/A,N/A,N/A,N/A,N/A,N/A,N/A,N/A
Collins St (North),10,7,6,6,3,14,82,82,133,141,160,203,244,236,266,200,147,159,75,63,18,13,26,11
Collins Place (South),5,6,6,4,3,38,96,112,195,148,175,156,201,196,168,128,121,118,69,56,19,19,35,8
Collins Place (North),2,3,3,2,1,9,31,68,130,111,87,81,73,107,84,92,98,105,45,19,14,4,6,3
Chinatown-Swanston St (North),20,138,43,N/A,N/A,9,13,19,18,38,58,75,159,111,119,125,143,139,149,119,79,60,35,10
Chinatown-Lt Bourke St (South),4,12,3,1,N/A,N/A,9,7,22,27,44,42,47,65,59,53,36,54,62,48,15,14,12,11
Bourke St-Russell St (West),8,9,17,12,5,8,25,34,55,96,102,170,218,214,214,168,228,246,218,119,132,80,29,17
Flinders St-Elizabeth St (East),72,53,85,34,60,71,257,440,604,586,565,556,713,716,688,720,878,1003,902,671,496,345,349,158
Spencer St-Collins St (South),7,N/A,N/A,6,N/A,19,39,113,124,72,65,104,143,147,95,92,135,136,123,84,87,66,32,17
Spencer St-Collins St (North),34,22,19,17,22,90,235,310,414,385,262,301,365,391,356,395,461,602,411,243,203,175,149,71
Melbourne Convention Exhibition Centre,26,12,8,6,27,73,185,322,308,301,248,268,331,319,357,417,377,551,424,177,104,112,104,70
QV Market-Elizabeth St (West),37,55,14,23,29,45,118,135,183,285,329,418,574,574,445,294,195,228,196,197,135,84,98,51
QV Market-Peel St,2,5,N/A,6,4,6,12,71,103,96,136,108,158,146,119,73,77,71,78,64,46,24,21,16
The Arts Centre,N/A,N/A,N/A,N/A,N/A,N/A,N/A,N/A,N/A,N/A,N/A,N/A,N/A,N/A,N/A,N/A,N/A,N/A,N/A,N/A,N/A,N/A,N/A,N/A
St Kilda Rd-Alexandra Gardens,9,3,2,6,1,2,24,41,51,45,55,69,66,61,82,81,100,106,96,48,22,10,6,2
Lonsdale St (South),8,9,1,7,1,16,32,37,44,42,69,77,122,123,125,113,97,121,118,97,73,43,53,15
Lygon St (West),9,14,6,5,1,10,18,37,67,64,58,69,90,91,69,71,82,77,76,50,70,37,26,6
City Square
Flinders St-Spring St (West),N/A,N/A,N/A,N/A,N/A,N/A,N/A,N/A,N/A,N/A,N/A,N/A,N/A,N/A,N/A,N/A,N/A,N/A,N/A,N/A,N/A,N/A,N/A,N/A
Flinders St-Spark La,2,2,N/A,N/A,N/A,19,20,30,39,55,52,41,41,44,56,33,45,68,34,16,5,10,7,2
Southbank,N/A,N/A,N/A,N/A,N/A,N/A,N/A,N/A,N/A,N/A,N/A,N/A,32,155,192,218,293,450,338,215,90,43,28,38
Queen St (West),5,9,2,10,1,8,26,44,80,89,86,88,125,127,104,77,102,83,52,36,16,25,11,10
Lygon St (East),2,3,3,N/A,6,8,3,15,45,45,61,48,92,85,73,73,52,73,88,45,32,22,4,3
Alfred Place,42,12,N/A,N/A,N/A,3,8,17,39,32,20,36,41,112,56,50,21,72,53,8,4,6,45,64
Lonsdale St-Spring St (West),1,1,2,1,1,10,37,43,81,53,66,51,72,53,45,67,70,91,46,48,22,9,15,3
Grattan St-Swanston St (West),5,2,2,2,8,11,43,33,74,77,193,122,105,66,65,61,76,55,61,28,15,21,16,5
Monash Rd-Swanston St (West),2,2,1,1,N/A,6,12,18,39,33,41,33,26,36,43,32,67,62,49,32,28,15,6,9
Tin Alley-Swanston St (West),4,N/A,1,N/A,N/A,7,7,18,36,26,32,31,18,29,35,29,47,41,32,17,15,6,2,5
Little Collins St-Swanston St (East),9,3,4,5,5,20,41,71,102,86,131,158,198,193,185,173,180,168,146,107,51,56,34,20
Flinders La-Swanston St (West),71,38,39,18,33,129,269,332,458,396,459,420,551,634,550,553,600,670,508,336,303,155,153,76
Pelham St (South),3,2,N/A,N/A,3,8,5,19,35,23,23,18,39,32,30,23,27,59,31,14,3,10,N/A,1
Melbourne Central-Elizabeth St (East),42,18,18,11,21,27,84,156,192,223,229,299,414,322,419,389,413,394,323,227,146,103,84,43
QVM-Queen St (East),8,6,5,2,7,9,20,55,94,107,127,149,170,236,180,110,108,109,106,68,56,31,22,18
QVM-Therry St (South),19,17,13,2,11,14,60,41,45,80,107,142,168,171,143,98,74,72,79,59,61,47,64,64
Faraday St-Lygon St (West),N/A,N/A,4,7,N/A,5,10,31,78,94,104,123,171,208,151,128,122,118,96,66,96,49,30,7
QVM-Franklin St (North),11,6,1,4,8,17,92,38,44,63,79,88,72,105,117,105,77,98,89,71,46,28,29,21
Elizabeth St-Lonsdale St (South),4,4,2,N/A,2,10,26,36,42,42,54,55,81,82,78,112,88,97,72,70,61,28,17,7
Lincoln-Swanston (W),14,2,1,1,2,4,10,11,32,20,66,41,37,39,35,79,56,73,59,39,20,13,12,21
Elizabeth St-La Trobe St (East)
Lonsdale St - Elizabeth St (North),7,5,6,7,1,6,18,41,72,67,72,101,138,159,92,159,115,137,141,115,90,68,37,17
Bourke St Bridge,9,8,N/A,5,11,25,99,141,231,127,70,96,137,133,149,136,170,216,136,59,32,43,32,19
Bourke St - Spencer St (North),7,8,6,2,4,7,26,50,78,78,62,70,78,95,95,103,143,180,101,54,30,33,21,10
RMIT Bld 80 - 445 Swanston Street,8,5,5,2,6,8,31,88,99,125,148,186,256,263,214,247,298,278,139,89,74,41,27,12
Flinders La-Swanston St (West) Temporary,N/A,N/A,N/A,N/A,N/A,N/A,N/A,N/A,N/A,N/A,N/A,N/A,N/A,N/A,N/A,N/A,N/A,N/A,N/A,N/A,N/A,N/A,N/A,N/A
RMIT Building 14,11,11,9,9,11,14,34,61,72,94,113,148,158,146,143,165,158,171,147,93,63,52,27,9
380 Elizabeth St,76,51,34,39,40,75,216,190,259,289,333,416,576,589,578,694,699,696,703,556,378,295,234,110
La Trobe St (North),30,17,3,3,10,11,52,40,32,117,265,319,310,273,90,89,82,137,126,84,79,47,52,34
231 Bourke St,13,19,12,4,2,13,94,138,119,211,256,225,229,372,386,285,144,138,114,70,71,34,42,22
Royal Pde - Grattan St,2,N/A,1,N/A,N/A,N/A,N/A,6,N/A,3,N/A,10,4,N/A,1,N/A,7,2,N/A,2,2,1,N/A,1
Swanston St - City Square,12,6,2,N/A,3,12,45,82,101,73,69,81,115,90,97,110,131,156,94,53,37,31,23,13
State Library - New,12,9,1,N/A,10,15,28,76,92,119,148,216,330,321,359,375,407,433,423,322,203,115,94,30
Flinders Ln - Degraves St (South),16,6,8,5,3,19,72,111,141,139,153,141,212,194,177,145,117,129,78,79,33,28,12,7
Flinders Ln - Degraves St (North),0,1,0,0,0,5,15,90,85,134,138,122,165,152,102,88,59,49,4,6,2,0,0,1
Flinders Ln - Degraves St (Crossing),2,3,0,1,0,6,8,40,31,45,43,38,64,57,28,12,15,14,7,11,7,2,0,0
Errol Street (East),1,N/A,2,1,N/A,3,15,42,71,118,139,182,257,269,210,257,289,305,321,221,85,52,20,4
Westwood Place,3,3,2,N/A,1,3,2,45,30,45,52,46,99,24,18,31,36,116,51,34,2,N/A,6,2
Flinders St - ACMI,3,12,3,28,3,23,40,59,63,40,50,47,60,53,61,56,67,86,61,61,50,13,16,12
Bourke St - Spencer St (South),N/A,N/A,N/A,N/A,N/A,N/A,N/A,N/A,N/A,N/A,N/A,N/A,N/A,N/A,N/A,N/A,N/A,N/A,N/A,N/A,N/A,N/A,N/A,N/A
Spring St - Flinders St (West),6,N/A,2,N/A,N/A,5,71,29,14,40,20,30,40,28,46,48,51,43,27,19,7,6,3,4
Macaulay Rd - Bellair St,2,2,2,N/A,N/A,3,11,34,76,116,98,130,141,140,114,97,96,142,117,56,36,13,2,3
Harbour Esplanade - Pedestrian Path,8,2,5,2,5,19,41,79,112,122,132,106,160,161,184,167,217,344,308,172,103,88,48,34
Harbour Esplanade - Bike Path,3,N/A,N/A,N/A,N/A,N/A,3,21,34,24,32,30,40,48,42,63,69,45,10,2,2,3,N/A,N/A
Total,894,762,463,405,491,1306,3679,5605,7421,7490,8276,9024,11622,11956,11097,11004,11486,13459,10704,7314,4965,3456,2890,1625


Average Hourly Pedestrian Counts for Friday over the past 4 weeks. 
Sensor,Midnight,1am,2am,3am,4am,5am,6am,7am,8am,9am,10am,11am,Noon,1pm,2pm,3pm,4pm,5pm,6pm,7pm,8pm,9pm,10pm,11pm
Bourke Street Mall (North),47,18,19,9,12,13,61,100,169,304,487,759,1065,1213,1151,1141,1191,1210,1072,843,612,389,249,148
Bourke Street Mall (South),27,10,17,5,25,8,30,73,114,181,306,456,674,757,676,668,591,492,380,273,197,110,91,62
Melbourne Central,87,39,24,18,14,23,54,73,112,129,192,282,424,467,452,469,468,583,602,619,592,498,385,279
Town Hall (West),82,31,18,20,21,49,109,214,354,486,671,935,1281,1396,1287,1271,1280,1298,1128,913,773,675,515,328
Princes Bridge,72,38,29,32,46,81,208,401,700,558,701,908,1104,1204,1145,1216,1254,1392,1263,904,797,656,501,294
Flinders Street Station Underpass,90,27,29,25,26,107,297,388,698,515,439,500,648,685,717,797,886,1043,887,655,530,511,434,324
Birrarung Marr,3,3,1,1,5,14,58,118,129,95,81,84,127,116,122,148,148,183,147,69,83,60,29,47
Webb Bridge,3,1,1,2,2,7,31,118,154,121,134,175,214,212,173,204,235,265,166,102,63,47,46,27
Southern Cross Station,9,4,3,4,3,21,92,183,321,158,111,101,183,152,141,166,256,299,181,94,65,35,70,30
Victoria Point,3,2,4,2,4,4,19,54,60,72,66,74,87,68,70,59,80,106,144,116,53,49,78,22
Waterfront City,7,4,3,1,2,2,11,23,30,27,32,28,40,43,43,42,59,67,63,56,40,28,25,11
New Quay,18,10,7,4,4,10,36,84,136,109,139,164,185,175,176,175,230,284,313,343,179,128,176,48
Flagstaff Station,N/A,N/A,N/A,N/A,N/A,N/A,N/A,N/A,N/A,N/A,N/A,N/A,N/A,N/A,N/A,N/A,N/A,N/A,N/A,N/A,N/A,N/A,N/A,N/A
Sandridge Bridge,28,8,3,7,10,41,101,168,243,178,164,192,198,234,246,272,318,389,314,205,161,162,129,98
State Library,N/A,N/A,N/A,N/A,N/A,N/A,N/A,N/A,N/A,N/A,N/A,N/A,N/A,N/A,N/A,N/A,N/A,N/A,N/A,N/A,N/A,N/A,N/A,N/A
Collins St (North),23,10,3,9,4,25,70,129,260,334,401,525,682,709,603,532,499,428,276,208,145,104,118,72
Collins Place (South),17,7,8,7,8,43,95,161,343,266,238,269,400,387,266,232,203,263,176,126,119,81,83,51
Collins Place (North),5,3,2,3,2,11,41,111,264,198,169,156,189,163,174,175,184,223,119,64,44,27,30,21
Chinatown-Swanston St (North),63,22,14,6,7,5,17,26,45,58,103,182,336,363,367,331,393,558,748,761,709,573,459,278
Chinatown-Lt Bourke St (South),54,26,34,36,4,5,12,21,28,39,66,114,195,169,181,152,157,219,322,366,341,249,249,149
Bourke St-Russell St (West),77,45,26,11,15,21,41,51,99,122,194,266,467,514,388,391,372,510,541,494,435,405,355,249
Flinders St-Elizabeth St (East),131,57,60,50,59,127,344,522,842,778,828,950,1187,1310,1281,1404,1523,1672,1422,1139,1004,836,695,464
Spencer St-Collins St (South),16,4,5,9,3,21,72,127,276,179,152,165,269,245,195,194,251,285,223,169,120,105,108,53
Spencer St-Collins St (North),56,35,24,24,15,111,293,424,722,535,419,438,553,534,544,622,765,955,700,478,325,311,366,196
Melbourne Convention Exhibition Centre,44,15,16,12,17,98,214,368,432,440,492,558,680,792,821,854,850,883,695,445,309,333,257,173
QV Market-Elizabeth St (West),61,49,35,29,28,60,120,151,224,282,397,509,720,654,512,402,279,300,308,266,237,194,148,104
QV Market-Peel St,9,3,5,2,2,4,20,50,76,101,128,139,171,197,173,124,95,116,88,78,58,53,45,27
The Arts Centre,51,21,15,31,48,75,202,409,729,518,596,809,902,1016,904,970,942,1020,860,604,461,382,264,153
St Kilda Rd-Alexandra Gardens,6,3,3,2,3,9,38,64,104,102,112,165,200,212,207,216,188,210,194,143,99,92,71,51
Lonsdale St (South),95,47,26,12,21,19,28,49,68,82,131,193,277,298,265,270,277,341,457,431,475,481,349,231
Lygon St (West),25,7,3,5,7,7,19,45,64,79,103,114,146,176,145,121,132,150,191,241,281,259,231,172
City Square
Flinders St-Spring St (West),N/A,N/A,N/A,N/A,N/A,N/A,N/A,N/A,N/A,N/A,N/A,N/A,N/A,N/A,N/A,N/A,N/A,N/A,N/A,N/A,N/A,N/A,N/A,N/A
Flinders St-Spark La,3,1,1,1,1,12,34,45,60,66,55,73,99,98,76,72,74,94,63,44,36,36,32,13
Southbank,18,8,8,3,5,22,107,161,233,240,276,308,486,466,480,467,514,615,609,495,431,336,263,162
Queen St (West),16,7,5,10,3,14,28,89,207,180,174,185,301,313,237,183,163,202,189,118,108,106,76,85
Lygon St (East),13,10,4,6,5,10,9,14,40,61,78,82,141,143,125,108,99,119,141,188,227,226,176,100
Alfred Place,16,8,2,2,1,3,5,31,66,63,57,80,150,113,110,129,149,88,59,59,31,27,31,53
Lonsdale St-Spring St (West),14,8,2,2,3,12,40,62,136,117,126,140,184,156,150,129,128,167,141,110,83,65,85,40
Grattan St-Swanston St (West),10,5,2,3,9,15,56,39,88,79,165,147,143,226,118,104,88,96,70,50,37,36,23,16
Monash Rd-Swanston St (West),10,3,2,1,1,3,19,45,93,113,96,78,85,106,91,93,101,117,92,74,54,34,36,18
Tin Alley-Swanston St (West),5,2,4,2,1,5,11,18,35,25,27,37,45,56,50,45,52,56,41,35,23,16,22,8
Little Collins St-Swanston St (East),41,15,9,11,7,34,37,114,227,230,276,353,556,621,601,581,591,611,577,479,422,378,290,199
Flinders La-Swanston St (West),144,73,51,54,59,165,368,550,904,918,1065,1265,1538,1612,1553,1606,1734,1817,1578,1194,1016,873,742,515
Pelham St (South),4,4,3,2,2,4,9,14,42,40,42,40,51,61,41,37,41,55,38,22,19,19,14,9
Melbourne Central-Elizabeth St (East),84,42,26,34,34,42,107,152,289,384,413,576,721,823,790,802,811,827,696,571,492,393,295,178
QVM-Queen St (East),13,10,4,4,7,18,32,82,101,142,168,202,261,297,238,206,146,172,154,120,88,71,66,38
QVM-Therry St (South),47,36,21,23,17,20,71,48,67,108,123,149,247,253,177,139,100,107,114,90,94,98,84,62
Faraday St-Lygon St (West),5,3,5,2,9,6,19,44,108,162,190,232,284,295,294,238,204,250,256,270,240,179,136,72
QVM-Franklin St (North),17,9,8,5,19,20,77,43,81,88,104,96,128,117,153,149,103,111,114,92,66,66,36,42
Elizabeth St-Lonsdale St (South),61,16,8,10,4,10,28,61,109,106,106,185,248,319,270,241,239,270,303,294,271,213,171,135
Lincoln-Swanston (W),10,6,3,3,6,5,13,18,48,40,56,71,58,96,62,69,75,92,91,66,53,44,31,19
Elizabeth St-La Trobe St (East)
Lonsdale St - Elizabeth St (North),25,11,10,5,3,10,25,47,88,105,139,162,232,270,238,199,222,284,281,267,223,174,115,102
Bourke St Bridge,10,7,5,3,6,35,136,198,367,232,197,211,328,289,250,273,365,516,832,1755,197,243,1543,115
Bourke St - Spencer St (North),30,20,19,11,5,30,89,167,304,245,228,269,315,324,276,321,404,517,400,339,140,138,291,121
RMIT Bld 80 - 445 Swanston Street,26,16,7,5,4,11,26,78,182,214,241,316,417,410,384,371,420,337,204,153,117,110,79,56
Flinders La-Swanston St (West) Temporary,N/A,N/A,N/A,N/A,N/A,N/A,N/A,N/A,N/A,N/A,N/A,N/A,N/A,N/A,N/A,N/A,N/A,N/A,N/A,N/A,N/A,N/A,N/A,N/A
RMIT Building 14,30,13,9,8,8,12,41,91,158,176,213,228,302,311,281,303,287,305,304,212,172,149,108,65
380 Elizabeth St,182,94,56,39,40,95,277,234,351,392,523,614,822,873,854,960,981,1136,1097,965,848,752,518,367
La Trobe St (North),33,19,17,11,8,15,61,40,59,116,253,262,305,293,138,133,123,151,162,156,120,115,93,78
231 Bourke St,62,21,24,16,17,27,137,239,236,302,326,394,529,567,505,502,450,496,408,266,261,210,219,181
Royal Pde - Grattan St,12,12,9,5,2,10,49,127,218,180,161,144,180,188,142,162,177,190,99,54,33,37,22,17
Swanston St - City Square,24,10,6,6,2,16,38,94,159,144,179,243,345,409,402,394,396,429,396,275,235,227,193,123
State Library - New,51,25,14,6,13,19,39,87,179,240,327,498,628,861,841,892,944,988,955,867,825,648,446,234
Flinders Ln - Degraves St (South),14,8,7,4,2,15,64,128,261,269,310,337,439,445,385,360,354,335,261,229,177,153,90,55
Flinders Ln - Degraves St (North),0,0,1,0,1,5,35,68,147,195,186,238,331,287,259,217,186,56,12,9,7,11,4,4
Flinders Ln - Degraves St (Crossing),1,0,1,2,2,10,26,54,162,128,136,134,178,181,148,122,111,87,60,35,25,26,6,7
Errol Street (East),9,2,1,1,1,3,15,47,109,131,165,208,316,313,248,237,261,306,288,234,172,109,106,41
Westwood Place,1,N/A,1,4,1,1,9,69,34,85,42,52,77,29,25,18,33,71,34,24,12,5,15,9
Flinders St - ACMI,22,6,9,12,10,33,70,78,132,128,142,282,336,391,415,392,361,377,285,255,185,177,129,104
Bourke St - Spencer St (South),9,2,5,1,3,9,9,N/A,N/A,N/A,N/A,14,81,91,66,77,67,69,54,36,32,20,16,19
Spring St - Flinders St (West),6,2,1,1,6,11,60,36,52,46,48,53,68,47,64,75,46,54,30,30,16,18,16,11
Macaulay Rd - Bellair St,3,1,1,N/A,N/A,2,11,34,102,93,120,118,123,129,105,120,111,133,85,66,36,17,12,5
Harbour Esplanade - Pedestrian Path,11,4,3,1,3,12,34,94,169,123,139,171,206,176,210,210,232,301,280,293,154,104,194,39
Harbour Esplanade - Bike Path,2,1,1,1,1,1,2,13,28,23,27,36,43,48,47,49,67,41,12,16,6,5,19,3
Total,2303,1089,812,698,748,1823,5056,8358,14227,13775,15751,19493,25931,27564,25324,25403,26116,28789,25845,22112,17091,14497,13399,7682


Average Hourly Pedestrian Counts for Friday over the past 52 weeks. 
Sensor,Midnight,1am,2am,3am,4am,5am,6am,7am,8am,9am,10am,11am,Noon,1pm,2pm,3pm,4pm,5pm,6pm,7pm,8pm,9pm,10pm,11pm
Bourke Street Mall (North),56,36,24,20,16,15,64,109,221,381,586,886,1173,1304,1299,1297,1313,1392,1274,1066,821,567,349,197
Bourke Street Mall (South),39,21,27,20,11,11,30,75,143,240,422,598,794,885,822,799,777,731,590,460,368,236,167,98
Melbourne Central,119,74,56,44,32,32,60,83,143,188,260,384,550,583,591,627,652,733,805,757,705,659,537,378
Town Hall (West),120,70,41,31,28,47,104,195,375,542,760,1019,1339,1462,1397,1404,1375,1431,1323,1091,987,926,713,460
Princes Bridge,211,104,61,59,56,85,186,362,591,533,633,837,1034,1042,1075,1122,1181,1457,1395,1213,1114,1130,989,665
Flinders Street Station Underpass,133,71,48,33,34,98,256,416,737,512,479,572,752,769,786,885,1002,1263,1064,827,720,674,608,481
Birrarung Marr,21,29,6,5,8,21,74,151,180,141,132,138,151,144,138,150,182,242,284,281,100,87,313,79
Webb Bridge,15,7,4,6,2,14,50,137,172,146,157,177,228,214,195,207,242,291,231,178,120,87,59,39
Southern Cross Station,10,6,5,3,3,23,81,195,398,220,122,124,221,192,166,192,287,342,181,101,62,48,61,29
Victoria Point,7,4,4,3,3,6,21,47,72,66,62,63,86,73,59,62,71,90,85,76,57,45,40,20
Waterfront City,14,5,3,3,2,3,15,31,41,35,41,44,55,51,44,47,56,79,88,89,83,72,49,30
New Quay,39,17,10,6,5,12,48,108,152,131,151,169,205,201,189,205,227,297,342,352,284,216,164,88
Flagstaff Station,N/A,N/A,N/A,N/A,N/A,N/A,N/A,N/A,N/A,N/A,N/A,N/A,N/A,N/A,N/A,N/A,N/A,N/A,N/A,N/A,N/A,N/A,N/A,N/A
Sandridge Bridge,63,32,22,16,19,43,100,175,259,198,194,214,249,255,262,297,328,435,363,282,273,248,247,194
State Library,N/A,N/A,N/A,N/A,N/A,N/A,N/A,N/A,N/A,N/A,N/A,N/A,N/A,N/A,N/A,N/A,N/A,N/A,N/A,N/A,N/A,N/A,N/A,N/A
Collins St (North),29,18,13,14,7,17,53,117,253,359,464,593,734,779,701,647,583,529,378,280,210,168,144,92
Collins Place (South),19,12,11,7,8,33,96,192,422,320,268,297,451,413,301,279,270,325,224,184,165,103,119,71
Collins Place (North),8,5,4,3,2,8,33,115,267,184,159,162,185,174,170,173,194,234,126,70,50,37,44,32
Chinatown-Swanston St (North),86,49,34,22,14,8,16,29,54,83,148,255,393,437,410,401,411,506,666,745,703,612,482,286
Chinatown-Lt Bourke St (South),101,55,40,38,15,12,15,21,43,62,94,149,236,228,194,194,186,264,390,516,492,416,386,236
Bourke St-Russell St (West),140,103,67,54,27,30,38,60,105,136,206,297,501,517,450,446,466,560,641,668,636,602,520,388
Flinders St-Elizabeth St (East),172,106,90,66,51,103,272,482,830,767,846,968,1254,1326,1282,1419,1543,1667,1442,1172,998,933,789,537
Spencer St-Collins St (South),27,17,12,12,9,24,72,144,298,184,157,178,263,258,196,205,240,289,213,157,125,116,100,66
Spencer St-Collins St (North),66,36,29,22,21,93,236,407,706,507,427,463,562,585,565,672,778,914,637,437,319,300,285,206
Melbourne Convention Exhibition Centre,78,47,27,19,30,68,224,364,471,427,454,555,674,726,761,813,873,962,868,659,534,480,408,313
QV Market-Elizabeth St (West),69,54,41,36,35,57,106,170,278,353,469,560,732,692,566,432,335,337,344,313,264,234,187,141
QV Market-Peel St,12,9,5,5,4,8,23,52,87,98,122,137,157,166,136,119,100,111,111,90,73,69,52,36
The Arts Centre,66,36,28,41,50,63,150,293,518,427,498,628,739,763,748,763,743,854,725,626,444,492,366,218
St Kilda Rd-Alexandra Gardens,11,8,5,3,3,8,32,57,83,77,102,125,158,159,153,147,160,197,202,173,139,130,124,110
Lonsdale St (South),108,81,47,34,25,19,34,48,71,100,150,217,314,329,315,304,324,414,504,563,568,585,518,376
Lygon St (West),43,17,8,7,8,15,28,42,72,89,103,124,180,189,173,167,167,192,266,334,415,473,416,290
City Square
Flinders St-Spring St (West),N/A,N/A,N/A,N/A,N/A,N/A,N/A,N/A,N/A,N/A,N/A,N/A,N/A,N/A,N/A,N/A,N/A,N/A,N/A,N/A,N/A,N/A,N/A,N/A
Flinders St-Spark La,7,5,3,2,3,9,26,38,54,54,52,58,78,83,75,71,80,90,76,53,39,39,65,34
Southbank,151,63,32,15,13,39,157,269,363,321,370,483,669,654,615,640,683,868,906,857,797,698,602,387
Queen St (West),26,18,11,11,8,14,35,78,183,187,170,184,295,298,218,191,192,232,184,141,135,128,148,143
Lygon St (East),22,12,6,5,7,9,9,21,52,67,81,99,141,151,129,117,103,122,154,215,266,284,227,140
Alfred Place,8,4,4,6,2,4,16,46,94,92,75,84,180,164,113,85,87,82,62,48,37,35,32,24
Lonsdale St-Spring St (West),15,10,5,4,3,14,31,74,154,140,141,152,228,204,166,154,153,193,182,161,117,98,136,66
Grattan St-Swanston St (West),11,7,5,4,6,12,47,58,107,113,146,154,206,199,166,145,128,132,102,74,59,48,36,24
Monash Rd-Swanston St (West),10,5,4,2,1,6,22,34,104,106,105,97,135,140,126,125,127,134,98,69,52,33,29,23
Tin Alley-Swanston St (West),5,4,5,1,2,4,14,18,37,35,45,47,55,52,53,58,57,64,55,37,28,19,18,14
Little Collins St-Swanston St (East),73,42,25,21,14,21,41,100,198,229,292,390,563,617,576,585,601,682,652,611,595,564,461,286
Flinders La-Swanston St (West),215,125,86,70,67,150,304,472,854,933,1066,1303,1567,1675,1625,1690,1751,1923,1731,1401,1249,1201,1046,723
Pelham St (South),5,3,2,2,2,3,10,20,47,42,45,48,65,64,52,46,49,54,43,31,21,18,14,10
Melbourne Central-Elizabeth St (East),98,69,55,43,37,53,107,171,341,407,515,652,833,915,891,921,958,955,854,697,589,520,381,266
QVM-Queen St (East),17,13,7,6,9,17,34,82,124,158,195,227,265,270,241,221,151,158,159,134,108,96,75,53
QVM-Therry St (South),53,44,32,30,24,27,60,58,74,107,137,167,225,199,159,132,89,96,109,104,100,92,81,73
Faraday St-Lygon St (West),13,6,4,4,6,8,16,48,106,163,217,272,334,331,310,293,273,293,330,364,345,268,202,93
QVM-Franklin St (North),20,14,10,7,7,19,72,74,76,116,116,131,166,168,154,151,111,118,111,100,80,77,56,40
Elizabeth St-Lonsdale St (South),53,30,21,16,10,12,24,62,119,130,150,196,282,333,295,270,270,321,329,328,316,278,231,182
Lincoln-Swanston (W),12,10,7,4,6,6,21,26,69,58,56,65,85,87,77,78,86,102,86,70,56,48,39,27
Elizabeth St-La Trobe St (East)
Lonsdale St - Elizabeth St (North),28,20,15,14,7,12,52,54,97,107,144,178,263,296,250,239,242,297,303,288,245,206,154,99
Bourke St Bridge,15,10,6,6,5,26,87,177,347,245,194,200,313,291,251,363,367,407,476,625,139,166,407,65
Bourke St - Spencer St (North),56,40,29,16,16,55,134,270,524,393,358,402,479,486,438,483,556,648,489,358,240,232,232,163
RMIT Bld 80 - 445 Swanston Street,36,26,17,14,9,11,37,86,201,224,273,313,421,398,393,391,426,402,347,323,246,189,145,102
Flinders La-Swanston St (West) Temporary,N/A,N/A,N/A,N/A,N/A,N/A,N/A,N/A,N/A,N/A,N/A,N/A,N/A,N/A,N/A,N/A,N/A,N/A,N/A,N/A,N/A,N/A,N/A,N/A
RMIT Building 14,32,22,14,12,11,18,39,80,169,188,215,246,325,300,288,300,304,331,310,250,193,179,127,91
380 Elizabeth St,162,109,72,58,46,91,240,228,352,413,522,625,814,873,909,990,991,1144,1152,1038,904,799,644,414
La Trobe St (North),36,29,22,17,12,16,44,38,65,99,198,205,237,254,148,136,132,155,167,151,135,122,109,84
231 Bourke St,71,46,32,26,13,16,50,105,158,201,248,320,457,476,415,408,410,448,405,383,364,310,299,223
Royal Pde - Grattan St,8,6,4,3,2,9,43,114,222,176,157,159,177,181,150,157,170,173,99,61,45,31,20,14
Swanston St - City Square,61,37,21,13,9,17,49,89,188,182,215,277,365,387,402,400,426,545,499,439,444,420,384,238
State Library - New,181,223,255,259,243,276,321,364,417,454,490,539,601,621,616,646,685,719,700,621,600,568,443,312
Flinders Ln - Degraves St (South),15,9,7,5,3,9,41,127,263,310,329,378,505,511,446,433,420,437,346,295,227,134,67,45
Flinders Ln - Degraves St (North),0,0,0,0,0,3,22,72,138,178,194,221,312,310,255,230,200,151,103,77,31,3,2,2
Flinders Ln - Degraves St (Crossing),2,1,1,2,4,5,17,81,162,155,163,187,231,238,191,169,162,160,93,59,33,13,7,6
Errol Street (East),N/A,N/A,N/A,N/A,N/A,N/A,N/A,N/A,N/A,N/A,N/A,N/A,N/A,N/A,N/A,N/A,N/A,N/A,N/A,N/A,N/A,N/A,N/A,N/A
Westwood Place,N/A,N/A,N/A,N/A,N/A,N/A,N/A,N/A,N/A,N/A,N/A,N/A,N/A,N/A,N/A,N/A,N/A,N/A,N/A,N/A,N/A,N/A,N/A,N/A
Flinders St - ACMI,N/A,N/A,N/A,N/A,N/A,N/A,N/A,N/A,N/A,N/A,N/A,N/A,N/A,N/A,N/A,N/A,N/A,N/A,N/A,N/A,N/A,N/A,N/A,N/A
Bourke St - Spencer St (South),N/A,N/A,N/A,N/A,N/A,N/A,N/A,N/A,N/A,N/A,N/A,N/A,N/A,N/A,N/A,N/A,N/A,N/A,N/A,N/A,N/A,N/A,N/A,N/A
Spring St - Flinders St (West),N/A,N/A,N/A,N/A,N/A,N/A,N/A,N/A,N/A,N/A,N/A,N/A,N/A,N/A,N/A,N/A,N/A,N/A,N/A,N/A,N/A,N/A,N/A,N/A
Macaulay Rd - Bellair St,N/A,N/A,N/A,N/A,N/A,N/A,N/A,N/A,N/A,N/A,N/A,N/A,N/A,N/A,N/A,N/A,N/A,N/A,N/A,N/A,N/A,N/A,N/A,N/A
Harbour Esplanade - Pedestrian Path,N/A,N/A,N/A,N/A,N/A,N/A,N/A,N/A,N/A,N/A,N/A,N/A,N/A,N/A,N/A,N/A,N/A,N/A,N/A,N/A,N/A,N/A,N/A,N/A
Harbour Esplanade - Bike Path,N/A,N/A,N/A,N/A,N/A,N/A,N/A,N/A,N/A,N/A,N/A,N/A,N/A,N/A,N/A,N/A,N/A,N/A,N/A,N/A,N/A,N/A,N/A,N/A
Total,3399,2191,1591,1330,1135,1967,4739,8311,14501,14289,16340,19992,26242,27142,25337,25793,26506,29774,27474,24223,20664,18661,16155,10622
